nazwa_produktu,link
PVC Frontlit,https://www.bannerstop.com/produkte/banner-drucken/pvc-banner/pvc-frontlit.html
PVC Mesh,https://www.bannerstop.com/produkte/banner-drucken/pvc-banner/pvc-mesh.html
PVC Blockout,https://www.bannerstop.com/produkte/banner-drucken/pvc-banner/pvc-blockout.html
PVC Backlight,https://www.bannerstop.com/produkte/banner-drucken/pvc-banner/pvc-backlight-premium.html
PVC Sound Mesh,https://www.bannerstop.com/produkte/banner-drucken/pvc-banner/pvc-sound-mesh.html
PVC Blackback,https://www.bannerstop.com/produkte/banner-drucken/pvc-banner/pvc-frontlit-blackback.html
PVC Reflexbanner,https://www.bannerstop.com/produkte/banner-drucken/pvc-banner/pvc-reflexbanner-premium.html
Absperrgitter-Husse,/produkte/banner-drucken/absperrgitter-hussen.html
Ger√ºstbanner,/produkte/banner-drucken/geruestbanner.html
Bauzaunbanner,/produkte/banner-drucken/bauzaunbanner.html
