Numer,Link
1,/pl/oferta/m3-z-potencjalem-do-wlasnej-aranzacji-ID4vkil
2,/pl/oferta/mieszkanie-parkitka-ID4wZaO
3,/pl/oferta/mieszkanie-m4-piwnica-63-m2-polnoc-bezposrednio-ID4whMk
4,/pl/oferta/mieszkanie-na-sprzedaz-tysiaclecie-ID4vsX0
5,/pl/oferta/m4-balkon-blisko-uczelni-i-centrum-czartoryskiego-ID4sxxL
6,/pl/oferta/mieszkanie-43-m-czestochowa-ID4vsQJ
7,/pl/oferta/przestronne-m-4-po-remoncie-68m2-parter-ID4vsQM
8,/pl/oferta/m4-po-remoncie-na-sprzedaz-ID4u4gC
9,/pl/oferta/m3-na-sprzedaz-w-doskonalej-lokalizacji-na-polnocy-ID4vlKg
10,/pl/oferta/m3-centrum-kolo-jasnej-gory-ID4wxkE
11,/pl/oferta/m2-kontkiewicza-na-sprzedaz-ID4wrDA
12,/pl/oferta/piekne-m3-polnoc-po-remoncie-ID4wxqV
13,/pl/oferta/piekne-m2-na-polnocy-ID4wBaf
14,/pl/oferta/m3-centrum-dwa-pokoje-okazja-ID4v4bJ
15,/pl/oferta/sprzedam-dom-w-zabudowie-szeregowej-ID4qEWt
16,/pl/oferta/nalkowskiej-12-mieszkanie-na-parterze-ID4vmb3
17,/pl/oferta/komfortowe-m4-na-i-pietrze-ID4wi6G
18,/pl/oferta/m4-z-duzym-balkonem-ul-orkana-2-pietro-ID4viy4
19,/pl/oferta/sloneczne-2-pietro-polnoc-ID4vsFz
20,/pl/oferta/m4-w-srodmiesciu-po-niedawnym-remoncie-ID4vpv6
21,/pl/oferta/rezerwacja-trzypokojowe-na-parterze-z-balkonem-po-generalnym-remoncie-ID4vk9J
22,/pl/oferta/mieszkanie-w-dzielnicy-trzech-wieszczow-do-remontu-ID4vaZA
23,/pl/oferta/sloneczne-przestronne-mieszkanie-z-pieknym-widokiem-ID4wP26
24,/pl/oferta/sprzedam-m3-czestochowa-srodmiescie-ID4uqSm
25,/pl/oferta/zamieszkaj-wysoko-2-pokoje-na-8-pietrze-ID4vsxd
26,/pl/oferta/3pokoje-na-tysiacleciu-oferta-premium-1pietro-ID4w5Ge
27,/pl/oferta/mieszkanie-na-sprzedaz-polnoc-4-pokoje-89-3-m2-ID4wHHS
28,/pl/oferta/dwustronne-m3-czestochowa-rakow-ii-pietro-ID4vsrO
29,/pl/oferta/bezposrednio-55m2-po-remoncie-2-pokoje-kuchnia-ID4vsqJ
30,/pl/oferta/na-sprzedaz-2-pokojowe-mieszkanie-czestochowa-ID4vsqz
31,/pl/oferta/m2-w-cichej-i-zielonej-okolicy-ID4vsqA
32,/pl/oferta/nowoczesne-m-3-na-wrzosowiaku-ID4uXvP
33,/pl/oferta/komfortowe-m-3-polnoc-blok-z-2009-roku-ID4wmdf
34,/pl/oferta/przytulne-mieszkanie-ID4vjI2
35,/pl/oferta/trzypokojowe-na-parterze-ID4vsjw
36,/pl/oferta/m-4-jasnogorska-68m2-loggia-parking-stan-bdb-ID4vsgZ
37,/pl/oferta/kawalerka-super-lokalizacja-pod-inwestycje-ID4uKrk
38,/pl/oferta/mieszkanie-52m-czestochowa-polnoc-b-ID4wrzD
39,/pl/oferta/mieszkanie-swiezo-po-generalnym-remoncie-1pietro-tysiaclecie-ID4v8vS
40,/pl/oferta/m4-na-polnocy-z-pieknym-krajobrazem-za-oknem-ID4vqCJ
41,/pl/oferta/mieszkanie-2-pokoje-1-pietro-w-bloku-czestochowa-ID4upSu
42,/pl/oferta/przestronne-doswietlone-balkon-blisko-centrum-ID4vhML
43,/pl/oferta/mieszkanie-2-pokoje-1-pietro-w-bloku-czestochowa-ID4wswJ
44,/pl/oferta/do-negocjacji-m3-tysiaclecie-niski-blok-2-pietro-ID4vs00
45,/pl/oferta/m4-59m2-parter-czestochowa-ID4vkl6
46,/pl/oferta/przytulne-2-pokoje-gotowe-do-wprowadzenia-ID4vrXe
47,/pl/oferta/2-pokoje-po-remoncie-1-pietro-al-wojska-polskiego-ID4u7c6
48,/pl/oferta/tysiaclecie-wysoki-standard-2-pokoje-po-generalnym-remoncie-ID4vo8Q
49,/pl/oferta/czestochowa-rakow-2-pokoje-38-m-ID4vrSm
50,/pl/oferta/kawalerka-blisko-centrum-ID4vrRI
51,/pl/oferta/m2-28-mkw-srodmiescie-ul-focha-blok-1-pietro-ID4wRo9
52,/pl/oferta/mieszkanie-w-cichej-dzielnicy-wyczerpy-ID4uIhA
53,/pl/oferta/okazja-2-pokoje-niski-czynsz-srodmiescie-ID4wUrL
54,/pl/oferta/komfortowy-apartament-z-ogodkiem-w-stylu-boho-ID4v2oI
55,/pl/oferta/super-lokalizacja-okolna-63mkw-ID4ucYy
56,/pl/oferta/mieszkanie-30-m-czestochowa-ID4tSu2
57,/pl/oferta/2-pokoje-na-parterze-ID4vrt3
58,/pl/oferta/przestronne-mieszkanie-do-zamieszkania-od-zaraz-ID4vrt4
59,/pl/oferta/nowa-cena-kawalerka-blisko-jagiellonczykow-37-m2-duzy-pokoj-ID4saCg
60,/pl/oferta/parkitka-ul-mazowiecka-2-pokoje-i-antresola-ID4tjId
61,/pl/oferta/do-sprzedania-m-3-ul-niepodleglosci-ID4vrst
62,/pl/oferta/m3-mickiewicza-zamykany-parking-46-4m2-ID4tTeF
63,/pl/oferta/polnoc-dobrze-skomunikowane-promenada-niemena-ID4w1Uq
64,/pl/oferta/polnoc-przytulne-2-pokoje-52-m2-wyposazone-ID4wiaG
65,/pl/oferta/ustawne-2-pokoje-parkitka-mazowiecka-2-pietro-ID4wIyE
66,/pl/oferta/2-pokoje-w-spokojnej-okolicy-54-m2-tysiaclecie-ID4wWmn
67,/pl/oferta/kawalerka-po-remoncie-idealna-pod-najem-scisle-centrum-balkon-ID4vhHg
68,/pl/oferta/wyjatkowe-2-pokojowe-mieszkanie-sztukateria-i-cegla-parking-ID4vm51
69,/pl/oferta/m-3-na-parterze-z-balkonem-wyczerpy-aniolow-ID4wAt8
70,/pl/oferta/m4-parter-na-zareckiej-ID4oohE
71,/pl/oferta/m3-do-wprowadzenia-z-balkonem-ID4v85W
72,/pl/oferta/m3-tysiaclecie-45-m-na-sprzedaz-ID4vrr9
73,/pl/oferta/do-negocjacji-2-pokoje-tysiaclecie-balkon-ID4wfuI
74,/pl/oferta/2-pokoje-blisko-centrum-ID4rFJ9
75,/pl/oferta/centrum-idealne-pod-wynajem-ID4wIo6
76,/hpr/pl/oferta/mieszkanie-na-sprzedaz-tysiaclecie-ID4vsX0
