Numer,Link,Cena,Cena za m²,Miejscowość
1,https://www.otodom.pl/pl/oferta/m3-z-potencjalem-do-wlasnej-aranzacji-ID4vkil,259 000 zł,5 170 zł/m²,"al. Aleja Armii Krajowej, Tysiąclecie, Częstochowa, śląskie"
2,https://www.otodom.pl/pl/oferta/mieszkanie-parkitka-ID4wZaO,649 000 zł,9 026 zł/m²,"ul. Mazowiecka, Parkitka, Częstochówka-Parkitka, Częstochowa, śląskie"
3,https://www.otodom.pl/pl/oferta/mieszkanie-m4-piwnica-63-m2-polnoc-bezposrednio-ID4whMk,405 000 zł,6 439 zł/m²,"ul. Kukuczki, Północ, Częstochowa, śląskie"
4,https://www.otodom.pl/pl/oferta/mieszkanie-na-sprzedaz-tysiaclecie-ID4vsX0,385 000 zł,7 176 zł/m²,"Tysiąclecie, Częstochowa, śląskie"
5,https://www.otodom.pl/pl/oferta/m4-balkon-blisko-uczelni-i-centrum-czartoryskiego-ID4sxxL,319 000 zł,5 779 zł/m²,"Tysiąclecie, Częstochowa, śląskie"
6,https://www.otodom.pl/pl/oferta/mieszkanie-43-m-czestochowa-ID4vsQJ,373 000 zł,8 674 zł/m²,"Tysiąclecie, Częstochowa, śląskie"
7,https://www.otodom.pl/pl/oferta/przestronne-m-4-po-remoncie-68m2-parter-ID4vsQM,399 000 zł,5 868 zł/m²,"Raków, Częstochowa, śląskie"
8,https://www.otodom.pl/pl/oferta/m4-po-remoncie-na-sprzedaz-ID4u4gC,328 000 zł,7 039 zł/m²,"Ostatni Grosz, Częstochowa, śląskie"
9,https://www.otodom.pl/pl/oferta/m3-na-sprzedaz-w-doskonalej-lokalizacji-na-polnocy-ID4vlKg,319 000 zł,6 510 zł/m²,"Północ, Częstochowa, śląskie"
10,https://www.otodom.pl/pl/oferta/m3-centrum-kolo-jasnej-gory-ID4wxkE,330 000 zł,6 735 zł/m²,"Śródmieście, Częstochowa, śląskie"
11,https://www.otodom.pl/pl/oferta/m2-kontkiewicza-na-sprzedaz-ID4wrDA,215 000 zł,7 015 zł/m²,"Aniołów, Wyczerpy-Aniołów, Częstochowa, śląskie"
12,https://www.otodom.pl/pl/oferta/piekne-m3-polnoc-po-remoncie-ID4wxqV,375 000 zł,7 353 zł/m²,"Północ, Częstochowa, śląskie"
13,https://www.otodom.pl/pl/oferta/piekne-m2-na-polnocy-ID4wBaf,248 000 zł,7 294 zł/m²,"Północ, Częstochowa, śląskie"
1,https://www.otodom.pl/pl/oferta/m3-z-potencjalem-do-wlasnej-aranzacji-ID4vkil,259 000 zł,5 170 zł/m²,"al. Aleja Armii Krajowej, Tysiąclecie, Częstochowa, śląskie"
2,https://www.otodom.pl/pl/oferta/mieszkanie-parkitka-ID4wZaO,649 000 zł,9 026 zł/m²,"ul. Mazowiecka, Parkitka, Częstochówka-Parkitka, Częstochowa, śląskie"
3,https://www.otodom.pl/pl/oferta/mieszkanie-m4-piwnica-63-m2-polnoc-bezposrednio-ID4whMk,405 000 zł,6 439 zł/m²,"ul. Kukuczki, Północ, Częstochowa, śląskie"
4,https://www.otodom.pl/pl/oferta/mieszkanie-na-sprzedaz-tysiaclecie-ID4vsX0,385 000 zł,7 176 zł/m²,"Tysiąclecie, Częstochowa, śląskie"
5,https://www.otodom.pl/pl/oferta/m4-balkon-blisko-uczelni-i-centrum-czartoryskiego-ID4sxxL,319 000 zł,5 779 zł/m²,"Tysiąclecie, Częstochowa, śląskie"
6,https://www.otodom.pl/pl/oferta/mieszkanie-43-m-czestochowa-ID4vsQJ,373 000 zł,8 674 zł/m²,"Tysiąclecie, Częstochowa, śląskie"
7,https://www.otodom.pl/pl/oferta/przestronne-m-4-po-remoncie-68m2-parter-ID4vsQM,399 000 zł,5 868 zł/m²,"Raków, Częstochowa, śląskie"
8,https://www.otodom.pl/pl/oferta/m4-po-remoncie-na-sprzedaz-ID4u4gC,328 000 zł,7 039 zł/m²,"Ostatni Grosz, Częstochowa, śląskie"
9,https://www.otodom.pl/pl/oferta/m3-na-sprzedaz-w-doskonalej-lokalizacji-na-polnocy-ID4vlKg,319 000 zł,6 510 zł/m²,"Północ, Częstochowa, śląskie"
